Payment Allowance Limits for Medicare Part B Drugs,,,,,,,,,,,,
,,,,,,,,,,,,
"Effective October 1, 2011 through December 31, 2011",,,,,,,,,,,,
,,,,,,,,,,,,
Note 1: Payment allowance limits subject to the ASP methodology are based on 2Q11 ASP data. ,,,,,,,,,,,,
"Note 2: The absence or presence of a HCPCS code and the payment allowance limits in this table does not indicate Medicare coverage of the drug. Similarly, the inclusion of a payment",,,,,,,,,,,,
allowance limit within a specific column does not indicate Medicare coverage of the drug in that specific category.  These determinations shall be made by the local Medicare contractor,,,,,,,,,,,,
processing the claim.,,,,,,,,,,,,
,,,,,,,,,,,,
HCPCS Code,Short Description,HCPCS Code Dosage,Payment Limit,Vaccine AWP%,Vaccine Limit,Infusion AWP%,DME Infusion Limit,Blood AWP%,Blood limit,Clotting Factor,Notes,
90371,"Hep b ig, im",1 ML,115.687,,,,,,,,,
90375,"Rabies ig, im/sc",150 IU,189.313,,,,,,,,,
90376,"Rabies ig, heat treated",150 IU,181.233,,,,,,,,,
90385,"Rh ig, minidose, im",50 MCG,25.154,,,,,,,,,
90585,"Bcg vaccine, percut",50 MG,114.385,,,,,,,,,
90586,"Bcg vaccine, intravesical",1 EACH,119.599,,,,,,,,,
90632,"Hep a vaccine, adult im",1 ML,48.216,,,,,,,,,
90654,"Flu vaccine, intradermal, no preserv",0.1 ML,18.383,95,18.383,,,,,,Added October 2011,
90655,"Flu vaccine no preserv 6-35m, im",0.25 ML,15.705,95,15.705,,,,,,,
90656,"Flu vaccine no preserv 3 yo & >, im",0.50 ML,12.375,95,12.375,,,,,,,
90657,"Flu vaccine, 6-35 mo, im",0.25 ML,6.653,95,6.653,,,,,,,
90660,"Flu vaccine, nasal",0.2 ML,22.316,95,22.316,,,,,,,
90662,Flu vacc prsv free inc antig,0.5 ML,30.923,95,30.923,,,,,,,
90669,"Pneumococcal vacc, 7 val im",0.5 ML,95.481,95,95.481,,,,,,,
90670,"Pneumococcal vacc, 13 val im",0.5 ML,129.276,95,129.276,,,,,,,
90675,"Rabies vaccine, im",1 ML,209.436,,,,,,,,,
90691,"Typhoid vaccine, im",0.5 ML,67.872,,,,,,,,,
90703,"Tetanus vaccine, im",0.5 ML,31.519,,,,,,,,,
90714,"Td vaccine no prsrv >/= 7 yo, im",0.5 ML,19.512,,,,,,,,,
90715,"Tdap => 7 yo, im",0.5 ML,41.259,,,,,,,,,
90717,"Yellow fever vaccine, sc",0.5 ML,68.082,,,,,,,,,
90718,"Td vaccine >/= 7 yo, im",0.5 ML,17.991,,,,,,,,,
90732,Pneumococcal vaccine,0.5 ML,57.194,95,57.194,,,,,,,
90733,"Meningococcal vaccine, sc",0.5 ML,106.492,,,,,,,,,
90735,"Encephalitis vaccine, sc",1 ML,102.078,,,,,,,,,
90740,"Hepb vacc, ill pat 3 dose im",40 MCG,119.415,95,119.415,,,,,,,
90743,"Hep b vacc, adol, 2 dose, im",1 DOSE,24.217,95,24.217,,,,,,,
90744,Hepb vacc ped/adol 3 dose im,1 DOSE,26.310,95,26.310,,,,,,,
90746,"Hep b vaccine, adult, im",20 MCG,59.708,95,59.708,,,,,,,
90747,"Hepb vacc, ill pat 4 dose im",40 MCG,119.415,95,119.415,,,,,,,
A9576,Inj prohance multipack,1 ML,1.773,,,,,,,,,
A9577,Inj multihance,1 ML,2.298,,,,,,,,,
A9578,Inj multihance multipack,1 ML,2.242,,,,,,,,,
A9579,"Gad-base MR contrast NOS,1ml",1 ML,2.141,,,,,,,,,
A9581,Gadoxetate disodium inj,1 ML,13.504,,,,,,,,,
A9583,Gadofosveset trisodium inj,1 ML,12.649,,,,,,,,,
J0129,Abatacept injection,10 MG,21.122,,,,,,,,,
J0130,Abciximab injection,10 MG,559.510,,,,,,,,,
J0132,Acetylcysteine injection,100 MG,2.795,,,,,,,,,
J0133,Acyclovir injection,5 MG,0.018,,,,,,,,,
J0135,Adalimumab injection,20 MG,418.850,,,,,,,,,
J0150,Injection adenosine 6 MG,6 MG,6.060,,,,,,,,,
J0152,Adenosine injection,30 MG,96.239,,,,,,,,,
J0171,Adrenalin epinephrine inject,0.1 MG,0.056,,,,,,,,,
J0180,Agalsidase beta injection,1 MG,141.191,,,,,,,,,
J0205,Alglucerase injection,10 UNITS,42.029,,,,,,,,,
J0207,Amifostine,500 MG,322.019,,,,,,,,,
J0210,Methyldopate hcl injection,250 MG,39.910,,,,,,,,,
J0215,Alefacept,0.5 MG,39.469,,,,,,,,,
J0220,Alglucosidase alfa injection,10 MG,158.841,,,,,,,,,
J0256,Alpha 1 proteinase inhibitor,10 MG,3.905,,,,,,,,,
J0270,Alprostadil for injection,1.25 MCG,0.549,,,,,,,,,
J0278,Amikacin sulfate injection,100 MG,0.770,,,,,,,,,
J0280,Aminophyllin 250 MG inj,250 MG,0.388,,,,,,,,,
J0285,Amphotericin B,50 MG,11.787,,,95,10.280,,,,,
J0287,Amphotericin b lipid complex,10 MG,8.582,,,95,21.850,,,,,
J0288,Ampho b cholesteryl sulfate,10 MG,14.000,,,95,15.200,,,,,
J0289,Amphotericin b liposome inj,10 MG,14.520,,,95,35.800,,,,,
J0290,Ampicillin 500 MG inj,500 MG,2.212,,,,,,,,,
J0295,Ampicillin sodium per 1.5 gm,1.5 GM,2.902,,,,,,,,,
J0348,Anidulafungin injection,1 MG,1.227,,,,,,,,,
J0360,Hydralazine hcl injection,20 MG,3.716,,,,,,,,,
J0364,Apomorphine hydrochloride,1 MG,5.215,,,,,,,,,
J0365,"Aprotonin, 10,000 kiu",10000 KIU,2.646,,,,,,,,,
J0400,Aripiprazole injection,0.25 MG,0.401,,,,,,,,,
J0456,Azithromycin,500 MG,5.307,,,,,,,,,
J0461,Atropine sulfate injection,0.01 MG,0.019,,,,,,,,,
J0470,Dimecaprol injection,100 MG,29.072,,,,,,,,,
J0475,Baclofen 10 MG injection,10 MG,191.060,,,95,215.180,,,,,
J0476,Baclofen intrathecal trial,50 MCG,77.861,,,95,79.800,,,,,
J0480,Basiliximab,20 MG,2232.706,,,,,,,,,
J0500,Dicyclomine injection,20 MG,21.249,,,,,,,,,
J0515,Inj benztropine mesylate,1 MG,25.809,,,,,,,,,
J0558,PenG benzathine/procaine inj,"100,000 UNITS",3.466,,,,,,,,,
J0561,Penicillin g benzathine inj,"100,000 UNITS",4.373,,,,,,,,,
J0583,Bivalirudin,1 MG,2.766,,,,,,,,,
J0585,"Injection,onabotulinumtoxinA",1 UNIT,5.481,,,,,,,,,
J0586,AbobotulinumtoxinA,5 Unit,7.426,,,,,,,,,
J0587,"Inj, rimabotulinumtoxinB",100 UNITS,10.985,,,,,,,,,
J0592,Buprenorphine hydrochloride,0.1 MG,0.747,,,,,,,,,
J0594,Busulfan injection,1 MG,19.079,,,,,,,,,
J0595,Butorphanol tartrate 1 mg,1 MG,0.856,,,,,,,,,
J0597,"C-1 esterase, berinert",10 UNITS,30.229,,,,,,,,,
J0598,"C-1 esterase, cinryze",10 UNITS,44.199,,,,,,,,Updated Jan 2012,
J0600,Edetate calcium disodium inj,1000 MG,193.111,,,,,,,,,
J0610,Calcium gluconate injection,10 ML,0.702,,,,,,,,,
J0630,Calcitonin salmon injection,400 UNITS,57.039,,,,,,,,,
J0636,Inj calcitriol per 0.1 mcg,0.1 MCG,0.224,,,,,,,,,
J0637,Caspofungin acetate,5 MG,13.579,,,,,,,,,
J0638,Canakinumab injection,1 MG,88.965,,,,,,,,,
J0640,Leucovorin calcium injection,50 MG,1.466,,,,,,,,,
J0641,Levoleucovorin injection,0.5 MG,1.613,,,,,,,,,
J0670,Inj mepivacaine HCL/10 ml,10 ML,1.350,,,,,,,,,
J0690,Cefazolin sodium injection,500 MG,0.693,,,,,,,,,
J0692,Cefepime HCl for injection,500 MG,3.335,,,,,,,,,
J0694,Cefoxitin sodium injection,1 GM,4.930,,,,,,,,,
J0696,Ceftriaxone sodium injection,250 MG,0.891,,,,,,,,,
J0697,Sterile cefuroxime injection,750 MG,2.432,,,,,,,,,
J0698,Cefotaxime sodium injection,1 GM,1.740,,,,,,,,,
J0702,Betamethasone acet&sod phosp,3 MG & 3 MG,5.528,,,,,,,,,
J0706,Caffeine citrate injection,5 MG,0.384,,,,,,,,,
J0713,Inj ceftazidime per 500 mg,500 MG,2.226,,,,,,,,,
J0718,Certolizumab pegol inj,1 MG,4.204,,,,,,,,,
J0720,Chloramphenicol sodium injec,1 GM,21.190,,,,,,,,,
J0725,Chorionic gonadotropin/1000u,1000 UNITS,12.277,,,,,,,,,
J0735,Clonidine hydrochloride,1 MG,30.829,,,,,,,,Updated Jan 2012,
J0740,Cidofovir injection,375 MG,756.946,,,,,,,,,
J0743,Cilastatin sodium injection,250 MG,11.444,,,,,,,,,
J0744,Ciprofloxacin iv,200 MG,1.131,,,,,,,,,
J0745,Inj codeine phosphate /30 MG,30 MG,1.346,,,,,,,,,
J0760,Colchicine injection,1 MG,6.572,,,,,,,,,
J0770,Colistimethate sodium inj,150 MG,15.073,,,,,,,,,
J0775,"Collagenase, clost hist inj",0.01 MG,37.512,,,,,,,,,
J0780,Prochlorperazine injection,10 MG,1.794,,,,,,,,,
J0795,Corticorelin ovine triflutal,1 MCG,5.685,,,,,,,,,
J0800,Corticotropin injection,40 UNITS,2564.606,,,,,,,,,
J0834,Cosyntropin cortrosyn inj,0.25 MG,69.027,,,,,,,,,
J0850,Cytomegalovirus imm IV /vial,PER VIAL,966.084,,,,,,,,,
J0878,Daptomycin injection,1 MG,0.485,,,,,,,,,
J0881,"Darbepoetin alfa, non-esrd",1 MCG,3.197,,,,,,,,,
J0882,"Darbepoetin alfa, esrd use",1 MCG,3.197,,,,,,,,,
J0885,"Epoetin alfa, non-esrd",1000 UNITS,9.890,,,,,,,,,
J0886,Epoetin alfa 1000 units ESRD,1000 UNITS,9.890,,,,,,,,,
J0894,Decitabine injection,1 MG,32.554,,,,,,,,,
J0895,Deferoxamine mesylate inj,500 MG,10.286,,,95,15.630,,,,,
J1000,Depo-estradiol cypionate inj,5 MG,6.829,,,,,,,,,
J1020,Methylprednisolone 20 MG inj,20 MG,1.429,,,,,,,,,
J1030,Methylprednisolone 40 MG inj,40 MG,3.291,,,,,,,,,
J1040,Methylprednisolone 80 MG inj,80 MG,8.036,,,,,,,,,
J1051,Medroxyprogesterone inj,50 MG,8.204,,,,,,,,,
J1070,Testosterone cypionat 100 MG,100 MG,3.504,,,,,,,,,
J1080,Testosterone cypionat 200 MG,200 MG,5.874,,,,,,,,,
J1100,Dexamethasone sodium phos,1 MG,0.096,,,,,,,,,
J1110,Inj dihydroergotamine mesylt,1 MG,25.217,,,,,,,,,
J1120,Acetazolamid sodium injectio,500 MG,42.055,,,,,,,,,
J1160,Digoxin injection,0.5 MG,3.725,,,,,,,,,
J1162,Digoxin immune fab (ovine),PER VIAL,638.767,,,,,,,,,
J1165,Phenytoin sodium injection,50 MG,0.340,,,,,,,,,
J1170,Hydromorphone injection,4 MG,1.696,,,95,1.490,,,,,
J1190,Dexrazoxane HCl injection,250 MG,211.916,,,,,,,,,
J1200,Diphenhydramine hcl injectio,50 MG,0.697,,,,,,,,,
J1205,Chlorothiazide sodium inj,500 MG,275.051,,,,,,,,,
J1212,Dimethyl sulfoxide 50% 50 ML,50 ML,85.669,,,,,,,,Updated Jan 2012,
J1230,Methadone injection,10 MG,6.971,,,95,0.750,,,,Updated Jan 2012,
J1240,Dimenhydrinate injection,50 MG,4.227,,,,,,,,,
J1245,Dipyridamole injection,10 MG,0.829,,,,,,,,,
J1250,Inj dobutamine HCL/250 mg,250 MG,5.727,,,95,4.740,,,,,
J1260,Dolasetron mesylate,10 MG,5.740,,,,,,,,,
J1265,Dopamine injection,40 MG,0.569,,,,,,,,,
J1267,Doripenem injection,10 MG,0.552,,,,,,,,,
J1270,"Injection, doxercalciferol",1 MCG,2.749,,,,,,,,,
J1290,Ecallantide injection,1 MG,289.069,,,,,,,,,
J1300,Eculizumab injection,10 MG,189.952,,,,,,,,,
J1325,Epoprostenol injection,0.5 MG,14.204,,,95,12.640,,,,,
J1327,Eptifibatide injection,5 MG,22.443,,,,,,,,,
J1335,Ertapenem injection,500 MG,30.146,,,,,,,,,
J1364,Erythro lactobionate /500 MG,500 MG,9.816,,,,,,,,,
J1380,Estradiol valerate 10 MG inj,10 MG,7.389,,,,,,,,,
J1410,Inj estrogen conjugate 25 MG,25 MG,105.534,,,,,,,,,
J1430,Ethanolamine oleate 100 mg,100 MG,299.937,,,,,,,,,
J1438,Etanercept injection,25 MG,208.234,,,,,,,,,
J1440,Filgrastim 300 mcg injection,300 MCG,251.550,,,,,,,,,
J1441,Filgrastim 480 mcg injection,480 MCG,397.568,,,,,,,,,
J1450,Fluconazole,200 MG,4.431,,,,,,,,,
J1451,"Fomepizole, 15 mg",15 MG,7.039,,,,,,,,,
J1453,Fosaprepitant injection,1 MG,1.722,,,,,,,,,
J1455,Foscarnet sodium injection,1000 MG,14.647,,,95,13.070,,,,,
J1457,Gallium nitrate injection,1 MG,2.066,,,,,,,,,
J1458,Galsulfase injection,1 MG,347.964,,,,,,,,,
J1459,Inj IVIG privigen 500 mg,500 MG,35.080,,,,,,,,,
J1460,Gamma globulin 1 CC inj,1 CC,21.012,,,,,,,,,
J1559,Hizentra injection,100 MG,7.285,,,,,,,,,
J1560,Gamma globulin > 10 CC inj,10 CC,210.122,,,,,,,,,
J1561,Gamunex injection,500 MG,37.484,,,,,,,,,
J1566,"Immune globulin, powder",500 MG,31.044,,,,,,,,,
J1568,Octagam injection,500 MG,56.874,,,,,,,,,
J1569,Gammagard liquid injection,500 MG,37.790,,,,,,,,,
J1570,Ganciclovir sodium injection,500 MG,67.862,,,95,35.250,,,,,
J1571,Hepagam b im injection,0.5 ML,53.108,,,,,,,,,
J1572,Flebogamma injection,500 MG,35.154,,,,,,,,,
J1573,"Hepagam b intravenous, inj",0.5 ML,53.108,,,,,,,,,
J1580,Garamycin gentamicin inj,80 MG,0.931,,,,,,,,,
J1600,Gold sodium thiomaleate inj,50 MG,14.981,,,,,,,,,
J1610,Glucagon hydrochloride/1 MG,1 MG,103.244,,,,,,,,,
J1626,Granisetron hcl injection,100 MCG,0.872,,,,,,,,,
J1630,Haloperidol injection,5 MG,2.344,,,,,,,,,
J1631,Haloperidol decanoate inj,50 MG,13.696,,,,,,,,,
J1640,"Hemin, 1 mg",1 MG,10.615,,,,,,,,,
J1642,Inj heparin sodium per 10 u,10 UNITS,0.180,,,,,,,,,
J1644,Inj heparin sodium per 1000u,1000 UNITS,0.277,,,,,,,,,
J1645,Dalteparin sodium,2500 IU,11.310,,,,,,,,,
J1650,Inj enoxaparin sodium,10 MG,6.192,,,,,,,,,
J1652,Fondaparinux sodium,0.5 MG,6.037,,,,,,,,,
J1670,Tetanus immune globulin inj,250 UNITS,249.736,,,,,,,,,
J1720,Hydrocortisone sodium succ i,100 MG,3.733,,,,,,,,,
J1740,Ibandronate sodium injection,1 MG,150.866,,,,,,,,,
J1742,Ibutilide fumarate injection,1 MG,128.127,,,,,,,,Updated Jan 2012,
J1743,Idursulfase injection,1 MG,455.030,,,,,,,,,
J1745,Infliximab injection,10 MG,63.203,,,,,,,,,
J1750,Inj iron dextran,50 MG,11.756,,,,,,,,,
J1756,Iron sucrose injection,1 MG,0.323,,,,,,,,,
J1786,Imuglucerase injection,10 UNITS,41.989,,,,,,,,,
J1790,Droperidol injection,5 MG,2.420,,,,,,,,,
J1800,Propranolol injection,1 MG,2.577,,,,,,,,,
J1815,Insulin injection,5 UNITS,0.456,,,,,,,,,
J1817,Insulin for insulin pump use,50 UNITS,2.574,,,95,2.800,,,,,
J1840,Kanamycin sulfate 500 MG inj,500 MG,7.685,,,,,,,,,
J1850,Kanamycin sulfate 75 MG inj,75 MG,1.153,,,,,,,,,
J1885,Ketorolac tromethamine inj,15 MG,0.272,,,,,,,,,
J1930,Lanreotide injection,1 MG,31.574,,,,,,,,,
J1931,Laronidase injection,0.1 MG,26.837,,,,,,,,,
J1940,Furosemide injection,20 MG,1.631,,,,,,,,,
J1945,Lepirudin,50 MG,352.843,,,,,,,,,
J1950,Leuprolide acetate /3.75 MG,3.75 MG,602.070,,,,,,,,,
J1953,Levetiracetam injection,10 MG,0.296,,,,,,,,,
J1955,Inj levocarnitine per 1 gm,1 GM,7.942,,,,,,,,,
J1956,Levofloxacin injection,250 MG,5.480,,,,,,,,,
J1980,Hyoscyamine sulfate inj,0.25 MG,13.532,,,,,,,,,
J2001,Lidocaine injection,10 MG,0.018,,,,,,,,,
J2010,Lincomycin injection,300 MG,6.107,,,,,,,,,
J2020,Linezolid injection,200 MG,35.147,,,,,,,,,
J2060,Lorazepam injection,2 MG,0.740,,,,,,,,,
J2150,Mannitol injection,50 ML,0.950,,,,,,,,,
J2175,Meperidine hydrochl /100 MG,100 MG,1.891,,,95,0.560,,,,,
J2185,Meropenem,100 MG,2.467,,,,,,,,,
J2210,Methylergonovin maleate inj,0.2 MG,5.655,,,,,,,,,
J2248,Micafungin sodium injection,1 MG,0.995,,,,,,,,,
J2250,Inj midazolam hydrochloride,1 MG,0.144,,,,,,,,,
J2260,Inj milrinone lactate / 5 MG,5 MG,5.444,,,95,51.580,,,,,
J2270,Morphine sulfate injection,10 MG,2.730,,,95,0.710,,,,,
J2271,Morphine so4 injection 100mg,100 MG,0.913,,,95,11.070,,,,,
J2275,Morphine sulfate injection,10 MG,2.498,,,95,4.390,,,,,
J2278,Ziconotide injection,1 MCG,6.607,,,,,,,,,
J2280,"Inj, moxifloxacin 100 mg",100 MG,3.584,,,,,,,,,
J2300,Inj nalbuphine hydrochloride,10 MG,0.897,,,,,,,,,
J2310,Inj naloxone hydrochloride,1 MG,12.800,,,,,,,,,
J2315,"Naltrexone, depot form",1 MG,2.835,,,,,,,,,
J2323,Natalizumab injection,1 MG,10.518,,,,,,,,,
J2325,Nesiritide injection,0.1 MG,47.248,,,,,,,,,
J2353,"Octreotide injection, depot",1 MG,119.367,,,,,,,,,
J2354,"Octreotide inj, non-depot",25 MCG,1.472,,,,,,,,,
J2355,Oprelvekin injection,5 MG,244.510,,,,,,,,,
J2357,Omalizumab injection,5 MG,21.748,,,,,,,,,
J2358,Olanzapine long-acting inj,1 MG,2.753,,,,,,,,,
J2360,Orphenadrine injection,60 MG,5.829,,,,,,,,,
J2370,Phenylephrine hcl injection,1 ML,1.005,,,,,,,,,
J2400,Chloroprocaine hcl injection,30 ML,14.155,,,,,,,,,
J2405,Ondansetron hcl injection,1 MG,0.096,,,,,,,,,
J2410,Oxymorphone hcl injection,1 MG,2.310,,,,,,,,,
J2425,Palifermin injection,50 MCG,11.671,,,,,,,,,
J2426,Paliperidone palmitate inj,1 MG,6.684,,,,,,,,,
J2430,Pamidronate disodium /30 MG,30 MG,13.765,,,,,,,,,
J2440,Papaverin hcl injection,60 MG,0.879,,,,,,,,,
J2469,Palonosetron hcl,25 MCG,19.190,,,,,,,,,
J2501,Paricalcitol,1 MCG,2.487,,,,,,,,,
J2503,Pegaptanib sodium injection,0.3 MG,1020.600,,,,,,,,,
J2504,"Pegademase bovine, 25 iu",25 IU,253.341,,,,,,,,,
J2505,"Injection, pegfilgrastim 6mg",6 MG,2727.963,,,,,,,,,
J2510,Penicillin g procaine inj,600000 UNITS,12.289,,,,,,,,,
J2515,Pentobarbital sodium inj,50 MG,21.633,,,,,,,,,
J2540,Penicillin g potassium inj,600000 UNITS,0.665,,,,,,,,,
J2543,Piperacillin/tazobactam,1.125 GM,4.309,,,,,,,,,
J2545,Pentamidine non-comp unit,300 MG,53.201,,,,,,,,,
J2550,Promethazine hcl injection,50 MG,1.645,,,,,,,,,
J2560,Phenobarbital sodium inj,120 MG,2.936,,,,,,,,,
J2562,Plerixafor injection,1 MG,281.103,,,,,,,,,
J2590,Oxytocin injection,10 UNITS,0.743,,,,,,,,,
J2597,Inj desmopressin acetate,1 MCG,3.531,,,,,,,,,
J2675,Inj progesterone per 50 MG,50 MG,1.539,,,,,,,,,
J2680,Fluphenazine decanoate 25 MG,25 MG,10.780,,,,,,,,,
J2690,Procainamide hcl injection,1 GM,8.712,,,,,,,,,
J2700,Oxacillin sodium injeciton,250 MG,2.558,,,,,,,,,
J2720,Inj protamine sulfate/10 MG,10 MG,0.444,,,,,,,,,
J2724,Protein c concentrate,10 UNITS,13.144,,,,,,,,,
J2730,Pralidoxime chloride inj,1 GM,90.217,,,,,,,,,
J2760,Phentolaine mesylate inj,5 MG,54.579,,,,,,,,,
J2765,Metoclopramide hcl injection,10 MG,0.297,,,,,,,,,
J2770,Quinupristin/dalfopristin,500 MG,174.779,,,,,,,,,
J2778,Ranibizumab injection,0.1 mg,403.133,,,,,,,,,
J2780,Ranitidine hydrochloride inj,25 MG,0.814,,,,,,,,,
J2783,Rasburicase,0.5 MG,192.612,,,,,,,,,
J2785,Regadenoson injection,0.1 MG,52.205,,,,,,,,,
J2788,Rho d immune globulin 50 mcg,50 MCG (250 IU),21.936,,,,,,,,,
J2790,Rho d immune globulin inj,300 MCG (1500 IU),83.723,,,,,,,,,
J2791,Rhophylac injection,100 IU,5.186,,,,,,,,,
J2792,"Rho(D) immune globulin h, sd",100 IU,17.540,,,,,,,,,
J2794,"Risperidone, long acting",0.5 MG,5.170,,,,,,,,,
J2795,Ropivacaine HCl injection,1 MG,0.074,,,,,,,,,
J2796,Romiplostim injection,10 MCG,46.748,,,,,,,,,
J2800,Methocarbamol injection,10 ML,27.624,,,,,,,,,
J2805,Sincalide injection,5 MCG,76.165,,,,,,,,,
J2810,Inj theophylline per 40 MG,40 MG,0.198,,,,,,,,,
J2820,Sargramostim injection,50 MCG,24.687,,,,,,,,,
J2850,Inj secretin synthetic human,1 MCG,27.494,,,,,,,,,
J2916,Na ferric gluconate complex,12.5 MG,6.162,,,,,,,,,
J2920,Methylprednisolone injection,40 MG,1.810,,,,,,,,,
J2930,Methylprednisolone injection,125 MG,2.532,,,,,,,,,
J2993,Reteplase injection,18.1 MG,1654.812,,,,,,,,,
J2997,Alteplase recombinant,1 MG,43.051,,,,,,,,,
J3000,Streptomycin injection,1 GM,10.537,,,,,,,,,
J3010,Fentanyl citrate injeciton,0.1 MG,0.385,,,95,0.700,,,,,
J3030,Sumatriptan succinate / 6 MG,6 MG,78.190,,,,,,,,,
J3070,Pentazocine injection,30 MG,12.280,,,,,,,,,
J3095,Telavancin injection,10 MG,2.101,,,,,,,,,
J3101,Tenecteplase injection,1 MG,58.246,,,,,,,,,
J3105,Terbutaline sulfate inj,1 MG,2.798,,,,,,,,,
J3120,Testosterone enanthate inj,100 MG,4.590,,,,,,,,,
J3130,Testosterone enanthate inj,200 MG,10.419,,,,,,,,,
J3230,Chlorpromazine hcl injection,50 MG,9.374,,,,,,,,,
J3240,Thyrotropin injection,0.9 MG,1052.103,,,,,,,,,
J3243,Tigecycline injection,1 MG,1.324,,,,,,,,,
J3246,Tirofiban HCl,0.25 MG,9.091,,,,,,,,,
J3250,Trimethobenzamide hcl inj,200 MG,5.816,,,,,,,,,
J3260,Tobramycin sulfate injection,80 MG,1.641,,,,,,,,,
J3262,Tocilizumab injection,1 MG,3.474,,,,,,,,,
J3285,Treprostinil injection,1 MG,61.236,,,,,,,,,
J3300,Triamcinolone A inj PRS-free,1 MG,3.479,,,,,,,,,
J3301,Triamcinolone acet inj NOS,10 MG,1.611,,,,,,,,,
J3302,Triamcinolone diacetate inj,5 MG,0.280,,,,,,,,,
J3303,Triamcinolone hexacetonl inj,5 MG,1.512,,,,,,,,,
J3315,Triptorelin pamoate,3.75 MG,179.563,,,,,,,,,
J3355,"Urofollitropin, 75 iu",75 IU,66.922,,,,,,,,,
J3357,Ustekinumab injection,1 MG,117.559,,,,,,,,,
J3360,Diazepam injection,5 MG,1.108,,,,,,,,,
J3365,"Urokinase 250,000 IU inj",250000 IU,457.729,,,,,,,,,
J3370,Vancomycin hcl injection,500 MG,2.791,,,,,,,,,
J3385,Velaglucerase alfa,100 UNITS,349.514,,,,,,,,,
J3396,Verteporfin injection,0.1 MG,9.949,,,,,,,,,
J3410,Hydroxyzine hcl injection,25 MG,1.288,,,,,,,,,
J3411,Thiamine hcl 100 mg,100 MG,3.188,,,,,,,,,
J3415,Pyridoxine hcl 100 mg,100 MG,6.333,,,,,,,,,
J3420,Vitamin b12 injection,1000 MCG,0.507,,,,,,,,,
J3430,Vitamin k phytonadione inj,1 MG,1.430,,,,,,,,,
J3465,"Injection, voriconazole",10 MG,6.188,,,,,,,,,
J3470,Hyaluronidase injection,150 UNITS,21.200,,,,,,,,,
J3471,"Ovine, up to 999 USP units",1 USP UNIT,0.204,,,,,,,,,
J3472,"Ovine, 1000 USP units",1000 USP UNITS,137.800,,,,,,,,,
J3473,Hyaluronidase recombinant,1 USP UNIT,0.636,,,,,,,,,
J3475,Inj magnesium sulfate,500 MG,0.078,,,,,,,,,
J3480,Inj potassium chloride,2 MEQ,0.013,,,,,,,,,
J3485,Zidovudine,10 MG,1.407,,,,,,,,,
J3486,Ziprasidone mesylate,10 MG,7.130,,,,,,,,,
J3487,Zoledronic acid,1 MG,224.532,,,,,,,,,
J3488,Reclast injection,1 MG,222.645,,,,,,,,,
J7030,Normal saline solution infus,1000 CC,1.156,,,,,,,,,
J7040,Normal saline solution infus,500 ML,0.578,,,,,,,,,
J7042,5% dextrose/normal saline,500 ML,0.354,,,,,,,,,
J7050,Normal saline solution infus,250 CC,0.289,,,,,,,,,
J7060,5% dextrose/water,500 ML,1.072,,,,,,,,,
J7070,D5w infusion,1000 CC,2.118,,,,,,,,,
J7100,Dextran 40 infusion,500 ML,20.880,,,,,,,,,
J7110,Dextran 75 infusion,500 ML,12.720,,,,,,,,,
J7120,Ringers lactate infusion,1000 CC,1.055,,,,,,,,,
J7185,Xyntha inj,1 IU,1.086,,,,,,,1,,
J7186,Antihemophilic viii/vwf comp,PER FACTOR VIII IU,0.918,,,,,,,1,,
J7187,"Humate-P, inj",1 IU,0.890,,,,,,,1,,
J7189,Factor viia,1 MCG,1.545,,,,,,,1,,
J7190,Factor viii,1 IU,0.859,,,,,,,1,,
J7192,Factor viii recombinant NOS,1 IU,1.104,,,,,,,1,,
J7193,Factor IX non-recombinant,1 IU,0.901,,,,,,,1,,
J7194,Factor ix complex,1 IU,0.921,,,,,,,1,,
J7195,Factor IX recombinant,1 IU,1.156,,,,,,,1,,
J7197,Antithrombin iii injection,1 IU,2.767,,,,,,,,,
J7198,Anti-inhibitor,1 IU,1.632,,,,,,,1,,
J7308,Aminolevulinic acid hcl top,354 MG,150.647,,,,,,,,,
J7310,Ganciclovir long act implant,4.5 MG,16960.000,,,,,,,,,
J7311,Fluocinolone acetonide implt,0.59 MG,19345.000,,,,,,,,,
J7312,Dexamethasone intra implant,0.1 MG,195.956,,,,,,,,,
J7321,Hyalgan/supartz inj per dose,per dose,89.695,,,,,,,,,
J7323,Euflexxa inj per dose,per dose,148.905,,,,,,,,,
J7324,Orthovisc inj per dose,per dose,169.335,,,,,,,,,
J7325,Synvisc or Synvisc-One,1 MG,12.155,,,,,,,,,
J7330,Cultured chondrocytes implnt,1 EA,27542.510,,,,,,,,,
J7335,Capsaicin 8% patch,10 SQ CM,25.554,,,,,,,,,
J7500,Azathioprine oral 50mg,50 MG,0.107,,,,,,,,,
J7501,Azathioprine parenteral,100 MG,124.889,,,,,,,,,
J7502,Cyclosporine oral 100 mg,100 MG,3.374,,,,,,,,,
J7504,Lymphocyte immune globulin,250 MG,567.212,,,,,,,,,
J7505,Monoclonal antibodies,5 MG,1132.970,,,,,,,,,
J7506,Prednisone oral,5 MG,0.020,,,,,,,,,
J7507,Tacrolimus oral per 1 MG,1 MG,2.670,,,,,,,,,
J7509,Methylprednisolone oral,4 MG,0.997,,,,,,,,,
J7510,Prednisolone oral per 5 mg,5 MG,0.030,,,,,,,,,
J7511,Antithymocyte globuln rabbit,25 MG,440.515,,,,,,,,,
J7513,"Daclizumab, parenteral",25 MG,526.343,,,,,,,,,
J7515,Cyclosporine oral 25 mg,25 MG,0.876,,,,,,,,,
J7516,Cyclosporin parenteral 250mg,250 MG,25.150,,,,,,,,,
J7517,Mycophenolate mofetil oral,250 MG,1.298,,,,,,,,,
J7518,Mycophenolic acid,180 MG,3.330,,,,,,,,,
J7520,"Sirolimus, oral",1 MG,11.003,,,,,,,,,
J7525,Tacrolimus injection,5 MG,139.496,,,,,,,,,
J7605,Arformoterol non-comp unit,15 mcg,5.386,,,,,,,,,
J7606,"Formoterol fumarate, inh",20 MCG,4.833,,,,,,,,,
J7608,Acetylcysteine non-comp unit,1 GM,1.399,,,,,,,,,
J7611,Albuterol non-comp con,1 MG,0.106,,,,,,,,,
J7612,Levalbuterol non-comp con,0.5 MG,0.219,,,,,,,,,
J7613,Albuterol non-comp unit,1 MG,0.061,,,,,,,,,
J7614,Levalbuterol non-comp unit,0.5 MG,0.225,,,,,,,,,
J7620,Albuterol ipratrop non-comp,2.5 MG/0.5 MG,0.313,,,,,,,,,
J7626,Budesonide non-comp unit,0.5 MG,4.395,,,,,,,,,
J7631,Cromolyn sodium noncomp unit,10 MG,0.482,,,,,,,,,
J7639,Dornase alfa non-comp unit,1 MG,28.113,,,,,,,,,
J7644,Ipratropium bromide non-comp,1 MG,0.265,,,,,,,,,
J7669,Metaproterenol non-comp unit,10 MG,0.252,,,,,,,,,
J7674,"Methacholine chloride, neb",1 MG,0.490,,,,,,,,,
J7682,Tobramycin non-comp unit,300 MG,79.775,,,,,,,,,
J7686,"Treprostinil, non-comp unit", 1.74 MG,418.166,,,,,,,,,
J8501,Oral aprepitant,5 MG,6.177,,,,,,,,,
J8510,Oral busulfan,2 MG,3.841,,,,,,,,,
J8520,"Capecitabine, oral, 150 mg",150 MG,7.461,,,,,,,,,
J8521,"Capecitabine, oral, 500 mg",500 MG,25.101,,,,,,,,,
J8530,Cyclophosphamide oral 25 MG,25 MG,0.828,,,,,,,,,
J8540,Oral dexamethasone,0.25 MG,0.363,,,,,,,,,
J8560,Etoposide oral 50 MG,50 MG,38.259,,,,,,,,,
J8562,Oral fludarabine phosphate,10 MG,77.933,,,,,,,,,
J8600,Melphalan oral 2 MG,2 MG,7.334,,,,,,,,,
J8610,Methotrexate oral 2.5 MG,2.5 MG,0.116,,,,,,,,,
J8700,Temozolomide,5 MG,9.662,,,,,,,,,
J8705,Topotecan oral,0.25 mg,79.417,,,,,,,,,
J9000,Doxorubicin hcl injection,10 MG,4.805,,,,,,,,,
J9001,Doxorubicin hcl liposome inj,10 MG,535.450,,,95,393.480,,,,,
J9010,Alemtuzumab injection,10 MG,586.238,,,,,,,,,
J9015,Aldesleukin injection,1 EA,988.249,,,,,,,,,
J9017,Arsenic trioxide injection,1 MG,40.867,,,,,,,,,
J9020,Asparaginase injection,10000 UNITS,63.271,,,,,,,,,
J9025,Azacitidine injection,1 MG,5.247,,,,,,,,,
J9027,Clofarabine injection,1 MG,121.986,,,,,,,,,
J9031,Bcg live intravesical vac,1 EA,119.599,,,,,,,,,
J9033,Bendamustine injection,1 MG,18.823,,,,,,,,,
J9035,Bevacizumab injection,10 MG,61.138,,,,,,,,,
J9040,Bleomycin sulfate injection,15 UNITS,27.627,,,95,289.370,,,,,
J9041,Bortezomib injection,0.1 MG,41.450,,,,,,,,,
J9045,Carboplatin injection,50 MG,4.229,,,,,,,,,
J9050,Carmustine injection,100 MG,175.843,,,,,,,,,
J9055,Cetuximab injection,10 MG,50.478,,,,,,,,,
J9060,Cisplatin 10 MG injection,10 MG,2.145,,,,,,,,,
J9065,Inj cladribine per 1 MG,1 MG,24.405,,,95,61.720,,,,,
J9070,Cyclophosphamide 100 MG inj,100 MG,13.690,,,,,,,,,
J9098,Cytarabine liposome inj,10 MG,513.167,,,,,,,,,
J9100,Cytarabine hcl 100 MG inj,100 MG,0.724,,,95,8.190,,,,,
J9120,Dactinomycin injection,0.5 MG,578.193,,,,,,,,,
J9130,Dacarbazine 100 mg inj,100 MG,3.624,,,,,,,,,
J9150,Daunorubicin injection,10 MG,15.895,,,,,,,,,
J9151,Daunorubicin citrate inj,10 MG,57.664,,,,,,,,,
J9155,Degarelix injection,1 MG,2.761,,,,,,,,,
J9160,Denileukin diftitox inj,300 MCG,1633.842,,,,,,,,,
J9171,Docetaxel injection,1 MG,16.055,,,,,,,,,
J9175,Elliotts b solution per ml,1 ML,4.074,,,,,,,,,
J9178,"Inj, epirubicin hcl, 2 mg",2 MG,1.904,,,,,,,,,
J9181,Etoposide injection,10 MG,0.766,,,,,,,,,
J9185,Fludarabine phosphate inj,50 MG,103.799,,,,,,,,,
J9190,Fluorouracil injection,500 MG,1.398,,,95,2.070,,,,,
J9200,Floxuridine injection,500 MG,61.993,,,95,136.800,,,,,
J9201,Gemcitabine hcl injection,200 MG,91.365,,,,,,,,,
J9202,Goserelin acetate implant,3.6 MG,190.017,,,,,,,,,
J9206,Irinotecan injection,20 MG,6.548,,,,,,,,,
J9207,Ixabepilone injection,1 MG,64.692,,,,,,,,,
J9208,Ifosfamide injection,1 GM,32.644,,,95,150.380,,,,,
J9209,Mesna injection,200 MG,4.088,,,,,,,,,
J9211,Idarubicin hcl injection,5 MG,59.443,,,,,,,,,
J9214,Interferon alfa-2b inj,1 MIL UNITS,17.146,,,,,,,,,
J9217,Leuprolide acetate suspnsion,7.5 MG,221.067,,,,,,,,,
J9218,Leuprolide acetate injeciton,1 MG,4.510,,,,,,,,,
J9219,Leuprolide acetate implant,65 MG,4819.820,,,,,,,,,
J9225,Vantas implant,50 MG,3890.380,,,,,,,,,
J9226,Supprelin LA implant,50 MG,15714.988,,,,,,,,,
J9230,Mechlorethamine hcl inj,10 MG,157.855,,,,,,,,,
J9245,Inj melphalan hydrochl 50 MG,50 MG,1292.271,,,,,,,,Updated Jan 2012,
J9250,Methotrexate sodium inj,5 MG,0.168,,,,,,,,,
J9260,Methotrexate sodium inj,50 MG,1.683,,,,,,,,,
J9261,Nelarabine injection,50 MG,116.181,,,,,,,,,
J9263,Oxaliplatin,0.5 MG,10.148,,,,,,,,,
J9264,Paclitaxel protein bound,1 MG,9.506,,,,,,,,,
J9265,Paclitaxel injection,30 MG,9.522,,,,,,,,,
J9266,Pegaspargase injection,1 EA,2726.850,,,,,,,,,
J9268,Pentostatin injection,10 MG,1104.953,,,,,,,,,
J9280,Mitomycin 5 MG inj,5 MG,19.929,,,95,127.400,,,,,
J9293,Mitoxantrone hydrochl / 5 MG,5 MG,38.082,,,,,,,,,
J9300,Gemtuzumab ozogamicin inj,5 MG,2742.591,,,,,,,,,
J9302,Ofatumumab injection,10 MG,45.407,,,,,,,,,
J9303,Panitumumab injection,10 MG,87.231,,,,,,,,,
J9305,Pemetrexed injection,10 MG,53.771,,,,,,,,,
J9307,Pralatrexate injection,1 MG,165.625,,,,,,,,,
J9310,Rituximab injection,100 MG,627.053,,,,,,,,,
J9315,Romidepsin injection,1 MG,224.785,,,,,,,,,
J9320,Streptozocin injection,1 GM,270.798,,,,,,,,,
J9328,Temozolomide injection,1 MG,4.846,,,,,,,,,
J9330,Temsirolimus injection,1 MG,51.542,,,,,,,,,
J9340,Thiotepa injection,15 MG,133.698,,,,,,,,,
J9351,Topotecan injection,0.1 MG,10.037,,,,,,,,,
J9355,Trastuzumab injection,10 MG,72.444,,,95,58.130,,,,,
J9357,Valrubicin injection,200 MG,977.516,,,,,,,,,
J9360,Vinblastine sulfate inj,1 MG,0.983,,,95,4.100,,,,,
J9370,Vincristine sulfate 1 MG inj,1 MG,3.923,,,95,33.980,,,,,
J9390,Vinorelbine tartrate inj,10 MG,17.787,,,,,,,,,
J9395,"Injection, Fulvestrant",25 MG,85.241,,,,,,,,,
P9041,"Albumin (human),5%, 50ml",50 ML,9.546,,,,,95,9.546,,,
P9043,"Plasma protein fract,5%,50ml",50 ML,8.333,,,,,95,8.333,,,
P9045,"Albumin (human), 5%, 250 ml",250 ML,47.728,,,,,95,47.728,,,
P9046,"Albumin (human), 25%, 20 ml",20 ML,19.680,,,,,95,19.680,,,
P9047,"Albumin (human), 25%, 50ml",50 ML,49.201,,,,,95,49.201,,,
P9048,"Plasmaprotein fract,5%,250ml",250 ML,41.667,,,,,95,41.667,,,
Q0138,"Ferumoxytol, non-esrd",1 MG,0.660,,,,,,,,,
Q0139,"Ferumoxytol, esrd use",1 MG,0.660,,,,,,,,,
Q0163,Diphenhydramine HCl 50mg,50 MG,0.024,,,,,,,,,
Q0164,Prochlorperazine maleate 5mg,5 MG,0.028,,,,,,,,,
Q0165,Prochlorperazine maleate10mg,10 MG,0.064,,,,,,,,,
Q0166,Granisetron hcl 1 mg oral,1 MG,1.227,,,,,,,,,
Q0167,Dronabinol 2.5mg oral,2.5 MG,5.333,,,,,,,,,
Q0168,Dronabinol 5mg oral,5 MG,14.225,,,,,,,,,
Q0169,Promethazine HCl 12.5mg oral,12.5 MG,0.302,,,,,,,,,
Q0170,Promethazine HCl 25 mg oral,25 MG,0.078,,,,,,,,,
Q0179,Ondansetron hcl 8 mg oral,8 MG,0.676,,,,,,,,,
Q0180,Dolasetron mesylate oral,100 MG,66.490,,,,,,,,,
Q0515,Sermorelin acetate injection,1 MCG,1.800,,,,,,,,,
Q2009,Fosphenytoin inj PE,50 MG,0.594,,,,,,,,,
Q2017,"Teniposide, 50 mg",50 MG,322.388,,,,,,,,,
Q2035,"Afluria vacc, 3 yrs & >, im",0.5 ml,11.543,95,11.543,,,,,,Added October 2011,
Q2036,"Flulaval vacc, 3 yrs & >, im",0.5 ML,8.784,95,8.784,,,,,,,
Q2037,"Fluvirin vacc, 3 yrs & >, im",0.5 ML,13.652,95,13.652,,,,,,,
Q2038,"Fluzone vacc, 3 yrs & >, im",0.5 ML,13.306,95,13.306,,,,,,,
Q2040,Incobotulinumtoxin A,1 UNIT,5.526,,,,,,,,,
Q2041,Wilate injection,1 I.U. VWF:RCO,0.865,,,,,,,1,,
Q2043,Sipuleucel-T auto CD54+,Per infusion (minimum 50 million cells),32860.000,,,,,,,,,
Q2044,Belimumab injection,10 MG,38.614,,,,,,,,Added October 2011,
Q3025,IM inj interferon beta 1-a,11 MCG,242.878,,,,,,,,,
Q4074,Iloprost non-comp unit dose,UP TO 20 MCG,68.900,,,,,,,,,
Q4081,"Epoetin alfa, 100 units ESRD",100 UNITS,0.989,,,,,,,,,
Q4101,Apligraf skin sub,1 SQ CM,36.575,,,,,,,,,
Q4102,Oasis wound matrix skin sub,1 SQ CM,5.848,,,,,,,,,
Q4103,Oasis burn matrix skin sub,1 SQ CM,5.848,,,,,,,,,
Q4104,Integra BMWD skin sub,1 SQ CM,16.571,,,,,,,,,
Q4105,Integra DRT skin sub,1 SQ CM,9.810,,,,,,,,,
Q4106,Dermagraft skin sub,1 SQ CM,41.288,,,,,,,,,
Q4107,Graftjacket skin sub,1 SQ CM,96.774,,,,,,,,,
Q4108,Integra matrix skin sub,1 SQ CM,22.148,,,,,,,,,
Q4110,Primatrix skin sub,1 SQ CM,32.024,,,,,,,,,
Q4111,Gammagraft skin sub,1 SQ CM,6.914,,,,,,,,,
Q4112,Cymetra allograft,1 CC,338.636,,,,,,,,,
Q4113,Graftjacket express allograf,1 CC,338.636,,,,,,,,,
Q4114,Integra flowable wound matri,1 CC,1039.507,,,,,,,,,
Q4116,Alloderm skin sub,1 SQ CM,32.332,,,,,,,,,
Q9954,"Oral MR contrast, 100 ml",100 ML,10.635,,,,,,,,,
Q9956,"Inj octafluoropropane mic,ml",1 ML,40.901,,,,,,,,,
Q9957,"Inj perflutren lip micros,ml",1 ML,61.352,,,,,,,,,
Q9958,"HOCM <=149 mg/ml iodine, 1ml",1 ML,0.073,,,,,,,,,
Q9960,"HOCM 200-249mg/ml iodine,1ml",1 ML,0.146,,,,,,,,,
Q9961,"HOCM 250-299mg/ml iodine,1ml",1 ML,0.175,,,,,,,,,
Q9963,"HOCM 350-399mg/ml iodine,1ml",1 ML,0.185,,,,,,,,,
Q9965,"LOCM 100-199mg/ml iodine,1ml",1 ML,1.067,,,,,,,,,
Q9966,"LOCM 200-299mg/ml iodine,1ml",1 ML,0.290,,,,,,,,,
Q9967,"LOCM 300-399mg/ml iodine,1ml",1 ML,0.164,,,,,,,,,
